team,Avg_AST,Avg_BLK,Avg_STL,Avg_TOV,Avg_TOV_team,Avg_F_tech,Avg_F_personal,Avg_largest_lead,Avg_FGP_2,Avg_FGP_3,Avg_FT_Percentage,Avg_Total_Rebounds,Total_Wins,Total_Matches,Region
academy_of_art_urban_knights,10.5,5.5,9.0,14.5,1.5,0.0,16.5,2.5,43.29268292682927,16.077441077441076,47.22222222222222,35.5,0,2,East
agnes_scott_college_scotties,5.0,2.0,4.5,38.0,1.5,0.0,11.5,0.0,20.91216216216216,17.48251748251748,47.22222222222222,30.5,0,2,East
alabama_am_bulldogs,11.0,4.625,6.083333333333333,16.291666666666668,0.8333333333333334,0.041666666666666664,16.791666666666668,8.583333333333334,40.264079360743466,26.435890498390496,67.86356516202531,39.541666666666664,12,24,East
alabama_huntsville_chargers,11.0,1.0,4.0,28.0,1.0,0.0,16.0,1.0,41.46341463414634,17.647058823529413,70.0,30.0,0,1,East
alcorn_state_lady_braves,9.214285714285714,1.5714285714285714,6.714285714285714,20.5,0.8571428571428571,0.35714285714285715,22.928571428571427,3.357142857142857,34.31375742764174,30.642085731529676,63.83755795982013,29.0,1,14,East
alderson_broaddus_battlers,13.0,2.0,5.0,29.0,4.0,0.0,24.0,7.0,40.0,36.0,41.66666666666667,44.0,0,1,East
american_university_eagles,14.225806451612904,2.3870967741935485,8.419354838709678,15.64516129032258,0.9354838709677419,0.0,15.32258064516129,10.741935483870968,48.295211018828255,27.510599011273133,72.6009324998031,31.870967741935484,23,31,East
angelo_state_rams,10.0,0.0,5.0,20.0,2.0,0.0,12.0,1.0,34.21052631578947,18.75,85.71428571428571,36.0,0,1,East
antelope_valley,7.333333333333333,1.3333333333333333,6.666666666666667,22.0,0.0,0.0,14.666666666666666,0.0,14.629629629629628,18.419312169312168,59.9537037037037,37.666666666666664,0,3,East
arizona_christian_firestorm,5.0,0.0,9.0,41.0,2.0,0.0,12.0,0.0,40.625,30.76923076923077,50.0,32.0,0,1,East
arizona_state_sun_devils,12.846153846153847,3.730769230769231,7.230769230769231,14.73076923076923,0.9230769230769231,0.19230769230769232,17.692307692307693,11.76923076923077,43.47508103630076,30.81415990632124,73.54967421013814,36.73076923076923,12,26,East
arkansas_baptist_buffaloes,6.0,0.0,6.0,27.0,0.0,0.0,12.0,0.0,20.0,23.076923076923077,28.57142857142857,24.0,0,1,East
arkansas_pine_bluff_golden_lions,13.92,3.12,8.16,15.8,0.32,0.16,17.48,12.48,44.667822444338725,28.215110802875657,68.60052188649308,41.32,12,25,East
arkansas_state_red_wolves,14.428571428571429,2.107142857142857,9.142857142857142,14.857142857142858,0.35714285714285715,0.10714285714285714,19.535714285714285,14.75,46.73676034166317,32.781422336607854,71.20670872746734,39.5,12,28,East
arlington_baptist_patriots,9.75,0.75,3.5,30.0,1.25,0.0,12.0,0.5,26.667647828362114,19.429590017825312,55.11363636363636,26.5,0,4,East
army_black_knights,11.206896551724139,2.413793103448276,6.620689655172414,17.24137931034483,0.7586206896551724,0.0,16.137931034482758,9.10344827586207,43.2225748444739,29.39695137452036,67.92892434641628,40.89655172413793,16,29,East
asbury_eagles,7.0,3.0,6.0,14.0,0.0,0.0,16.0,3.0,28.000000000000004,16.666666666666664,100.0,39.0,0,1,East
auburn_montgomery_senators,9.0,2.0,2.5,25.5,3.0,0.0,16.5,5.0,49.086021505376344,23.214285714285715,53.57142857142857,32.5,0,2,East
auburn_tigers,11.214285714285714,3.4285714285714284,8.464285714285714,14.964285714285714,0.7857142857142857,0.14285714285714285,18.571428571428573,9.964285714285714,42.07523361365502,27.918048655277754,65.14444242275809,36.17857142857143,10,28,East
ave_maria_gyrenes,6.0,4.0,5.666666666666667,30.666666666666668,1.0,0.0,15.0,1.3333333333333333,32.50900900900901,24.814814814814813,68.18555008210181,40.666666666666664,0,3,East
baker_university_baker,8.0,6.0,4.0,21.0,2.0,0.0,12.0,0.0,31.428571428571427,25.0,81.25,27.0,0,1,East
bellarmine_knights,11.821428571428571,2.75,6.75,18.25,0.6071428571428571,0.17857142857142858,18.035714285714285,6.071428571428571,41.25239210415968,31.915292537575144,72.9845959269382,33.535714285714285,4,28,East
belmont_abbey_crusaders,7.0,2.0,8.0,25.0,1.0,0.0,15.0,0.0,34.48275862068966,23.52941176470588,57.14285714285714,26.0,0,1,East
bethel_tn_wildcats,8.0,2.0,4.0,16.0,1.0,0.0,24.0,0.0,41.66666666666667,15.789473684210526,73.91304347826086,26.0,0,1,East
bethesda_university_lion_angels,6.5,1.0,4.0,36.0,3.0,0.0,12.5,0.0,14.953886693017127,19.87179487179487,50.0,28.0,0,2,East
bethune_cookman_wildcats,9.88,2.4,8.52,20.28,1.16,0.36,18.04,5.96,40.832744418861175,27.78631952842479,64.25452180357976,35.88,5,25,East
binghamton_bearcats,12.5,3.0357142857142856,6.857142857142857,15.892857142857142,0.39285714285714285,0.07142857142857142,15.785714285714286,11.071428571428571,44.85323766022963,29.237394394921363,73.62199259667916,34.142857142857146,9,28,East
biola_eagles,9.0,1.0,8.0,21.0,2.0,0.0,10.0,0.0,52.5,25.0,100.0,30.0,0,1,East
blackburn_beavers,5.0,0.0,14.0,34.0,0.0,0.0,18.0,0.0,41.66666666666667,20.0,77.77777777777779,27.0,0,1,East
blue_mountain_college_toppers,10.0,1.0,6.0,18.0,0.0,0.0,18.0,0.0,31.03448275862069,25.925925925925924,78.57142857142857,34.0,0,1,East
bluefield_state_big_blues,8.5,2.0,5.0,22.0,1.0,0.0,12.0,0.0,26.134301270417424,23.905723905723903,62.5,28.0,0,2,East
bob_jones,3.0,0.0,10.0,30.0,3.0,0.0,13.0,0.0,18.181818181818183,22.727272727272727,68.42105263157895,22.0,0,1,East
boise_state_broncos,13.689655172413794,3.8620689655172415,5.586206896551724,16.06896551724138,0.4827586206896552,0.0,16.620689655172413,10.068965517241379,43.80551677049523,25.952676138968442,62.07052374903202,40.241379310344826,8,29,East
boston_college_eagles,16.033333333333335,3.566666666666667,8.3,18.866666666666667,0.5,0.03333333333333333,17.033333333333335,15.033333333333333,50.120125014151235,33.34401909306001,68.27799597015995,37.333333333333336,19,30,East
boston_university_terriers,12.129032258064516,4.354838709677419,5.935483870967742,16.096774193548388,0.8709677419354839,0.06451612903225806,15.03225806451613,11.35483870967742,46.36918142653758,34.31463208440638,65.50883809422709,37.774193548387096,17,31,East
bowie_state_bulldogs,4.0,3.0,5.0,30.0,2.0,0.0,24.0,0.0,28.125,22.22222222222222,27.77777777777778,37.0,0,1,East
bowling_green_falcons,15.133333333333333,1.7333333333333334,9.133333333333333,15.433333333333334,0.5666666666666667,0.16666666666666666,16.866666666666667,12.866666666666667,48.646770404222615,37.649301175676236,70.77162952133226,34.56666666666667,15,30,East
bradley_braves,11.592592592592593,3.6666666666666665,5.111111111111111,14.444444444444445,1.037037037037037,0.0,16.814814814814813,5.777777777777778,39.27864304409618,32.21942569069319,66.20703085093439,34.81481481481482,4,27,East
brevard_tornados,6.0,2.0,8.0,31.0,2.0,0.0,15.0,0.0,36.11111111111111,9.523809523809524,83.33333333333334,26.0,0,1,East
brewton_parker_wildcats,4.0,3.0,4.0,18.0,0.0,0.0,16.0,2.0,34.21052631578947,4.3478260869565215,50.0,43.0,0,1,East
briar_cliff_chargers,6.0,1.0,7.0,25.0,1.0,0.0,16.0,0.0,18.181818181818183,28.57142857142857,50.0,32.0,0,1,East
brown_bears,10.76923076923077,3.3076923076923075,9.692307692307692,17.03846153846154,0.8846153846153846,0.0,15.26923076923077,7.769230769230769,43.25114618770759,27.48234106363839,66.12311770682811,33.96153846153846,6,26,East
bryant_bulldogs,13.21875,2.71875,6.625,19.25,0.875,0.15625,15.34375,9.78125,39.647748888577404,34.4901316758334,68.66056415205023,36.09375,10,32,East
bryn_athyn_lions,4.0,0.0,8.0,19.0,1.0,0.0,13.0,0.0,17.857142857142858,14.285714285714285,60.0,28.0,0,1,East
bucknell_bison,13.125,3.34375,7.28125,12.0,0.46875,0.0625,13.53125,15.375,44.758506083446605,32.759941461098876,70.72395222033043,34.84375,23,32,East
buffalo_bulls,14.878787878787879,3.9696969696969697,9.515151515151516,13.969696969696969,0.45454545454545453,0.36363636363636365,14.0,16.727272727272727,46.87601296001442,31.961833597606798,72.05538278610882,42.0,25,33,East
bushnell_beacons,8.0,2.0,4.0,28.0,1.0,0.0,11.0,2.0,42.857142857142854,31.25,37.5,33.0,0,1,East
butler_bulldogs,11.392857142857142,1.9642857142857142,4.928571428571429,19.857142857142858,0.9642857142857143,0.0,14.392857142857142,2.5714285714285716,47.436639961760726,26.16239437832889,68.95461811580233,33.357142857142854,1,28,East
cal_lutheran_kingsmen,6.0,1.0,9.0,32.0,3.0,0.0,23.0,3.0,27.659574468085108,16.666666666666664,44.44444444444444,44.0,0,1,East
cal_poly_mustangs,12.24,2.0,5.96,15.88,0.72,0.04,18.64,5.84,40.839366260644766,24.276446996416034,66.512703584685,38.12,3,25,East
cal_state_bakersfield_roadrunners,10.88,2.48,7.2,14.56,0.88,0.08,18.4,8.8,42.09903060868634,29.191194276965906,76.93618410201395,34.96,5,25,East
cal_state_fullerton_titans,12.344827586206897,2.8620689655172415,7.517241379310345,16.03448275862069,0.7931034482758621,0.034482758620689655,17.310344827586206,8.0,45.55006845184439,27.32317792622586,67.10998695195745,34.6551724137931,11,29,East
cal_state_la_golden_eagles,10.0,1.0,5.5,14.5,2.0,0.0,13.0,0.0,39.96010638297872,18.629807692307693,66.31944444444444,38.0,0,2,East
cal_state_northridge_matadors,10.75,2.0357142857142856,10.357142857142858,16.464285714285715,1.3571428571428572,0.0,18.392857142857142,8.357142857142858,39.78419672286966,33.947529924234395,69.00573943052652,32.57142857142857,9,28,East
caldwell_cougars,9.0,2.0,9.0,22.0,0.0,0.0,12.0,0.0,25.806451612903224,21.73913043478261,60.0,30.0,0,1,East
california_golden_bears,13.416666666666666,4.375,8.5,15.166666666666666,0.625,0.3333333333333333,18.333333333333332,13.625,42.619411372341965,33.296248843311844,79.70489996290351,37.458333333333336,11,24,East
campbell_fighting_camels,15.655172413793103,3.4827586206896552,8.482758620689655,15.96551724137931,0.7931034482758621,0.034482758620689655,14.655172413793103,19.275862068965516,48.053818069968266,32.3834945055352,66.82626829553365,34.827586206896555,22,29,East
campbellsville_harrodsburg_pioneers,3.0,3.0,16.0,23.0,1.0,0.0,22.0,5.0,36.17021276595745,17.647058823529413,83.33333333333334,39.0,0,1,East
canisius_golden_griffins,10.133333333333333,3.4,6.433333333333334,17.966666666666665,1.1666666666666667,0.06666666666666667,15.3,4.733333333333333,40.616200792581,32.12255359442677,66.61865147019412,32.9,5,30,East
carroll_mt_fighting_saints,11.5,4.5,4.5,13.5,1.5,0.0,15.0,8.5,30.79268292682927,40.421052631578945,77.77777777777777,38.0,0,2,East
carver_college_cougars,2.0,1.0,3.0,49.0,4.0,0.0,20.0,0.0,12.903225806451612,11.11111111111111,16.666666666666664,28.0,0,1,East
centenary_la_gentlemen,9.0,2.0,9.0,20.5,0.5,0.0,15.5,0.0,27.352941176470587,24.696356275303643,55.2536231884058,31.0,0,2,East
central_arkansas_sugar_bears,10.25,2.1785714285714284,6.535714285714286,18.285714285714285,1.3214285714285714,0.07142857142857142,17.071428571428573,9.857142857142858,40.20462582776928,23.588623677909393,69.143868209077,37.285714285714285,9,28,East
central_baptist_college_mustangs,5.0,1.5,6.0,27.0,1.0,0.0,22.0,3.5,27.962962962962962,15.340909090909092,80.68181818181819,42.5,0,2,East
central_christian_college_central_christian_college,11.0,0.0,4.0,24.0,5.0,0.0,15.0,3.0,42.10526315789473,40.74074074074074,60.0,15.0,0,1,East
central_connecticut_blue_devils,10.23076923076923,3.923076923076923,6.1923076923076925,15.846153846153847,0.6153846153846154,0.19230769230769232,16.884615384615383,6.153846153846154,40.262711329041636,31.292901173148945,68.14925290633792,34.19230769230769,6,26,East
central_michigan_chippewas,11.285714285714286,2.25,5.821428571428571,16.607142857142858,0.9285714285714286,0.0,17.321428571428573,4.25,44.36939566415674,27.002721272983276,70.60868375677016,35.964285714285715,4,28,East
chadron_state_eagles,10.0,2.0,5.0,14.0,0.0,0.0,11.0,0.0,44.73684210526316,26.666666666666668,33.33333333333333,23.0,0,1,East
champion_christian_tigers,9.25,2.5,8.0,20.75,0.25,0.25,18.0,4.0,32.37007168458781,23.158761528326743,67.88957688338493,35.25,0,4,East
charleston_southern_buccaneers,10.428571428571429,3.4285714285714284,6.464285714285714,21.571428571428573,1.1428571428571428,0.0,17.214285714285715,3.5,40.41540731919799,26.49170419404829,59.05482968245574,32.642857142857146,2,28,East
chattanooga_mocs,12.0,2.6206896551724137,5.724137931034483,16.482758620689655,0.8275862068965517,0.0,16.551724137931036,6.379310344827586,43.60145647197394,28.847958452334083,70.39486780078752,33.89655172413793,7,29,East
chestnut_hill_college_griffins,10.0,1.0,2.0,24.0,2.0,0.0,18.0,0.0,32.55813953488372,21.428571428571427,61.111111111111114,33.0,0,1,East
chicago_state_cougars,8.125,3.0416666666666665,8.25,18.75,0.875,0.041666666666666664,21.958333333333332,3.75,39.1321230430835,24.798491770240997,65.76499542591462,36.083333333333336,2,24,East
chowan_hawks,7.0,5.0,1.0,27.0,0.0,0.0,18.0,0.0,32.0,21.428571428571427,63.1578947368421,49.0,0,1,East
cincinnati_bearcats,14.285714285714286,4.857142857142857,8.142857142857142,17.607142857142858,0.8214285714285714,0.10714285714285714,19.607142857142858,7.857142857142857,40.45551019135113,29.712276905609503,73.00013749703706,35.357142857142854,11,28,East
claflin_panthers,9.0,3.5,10.0,25.0,1.0,0.0,18.5,1.0,27.84722222222222,38.88888888888889,76.66666666666667,42.0,0,2,East
clarion_golden_eagles,6.5,2.0,4.5,15.0,1.0,0.0,11.5,2.5,38.65207373271889,19.055944055944057,61.11111111111111,32.5,0,2,East
clemson_tigers,10.793103448275861,3.4827586206896552,9.068965517241379,16.275862068965516,0.7241379310344828,0.20689655172413793,17.17241379310345,9.586206896551724,44.09663647089565,26.249792784482096,71.22674501691235,36.3448275862069,10,29,East
coastal_carolina_chanticleers,13.5,3.125,8.333333333333334,19.166666666666668,0.7083333333333334,0.125,19.208333333333332,19.541666666666668,46.727336446804536,29.808822825295433,67.4026071799157,46.125,14,24,East
colgate_raiders,10.7,2.566666666666667,5.666666666666667,16.6,1.0666666666666667,0.13333333333333333,15.666666666666666,5.533333333333333,42.57058228006073,29.64987850887095,77.80081504895746,32.2,6,30,East
college_of_st_mary_flames,11.0,4.0,10.0,25.0,2.0,0.0,17.0,5.0,34.61538461538461,31.03448275862069,66.66666666666666,30.0,0,1,East
colorado_christian_cougars,10.0,1.0,4.0,17.5,0.5,0.0,14.0,0.0,30.09049773755656,30.151515151515152,69.44444444444444,40.5,0,2,East
colorado_colorado_springs_mountain_lions,10.0,2.0,14.0,26.0,2.0,0.0,14.0,0.0,34.69387755102041,33.33333333333333,60.0,38.0,0,1,East
colorado_mesa_mavericks,15.0,2.0,7.0,16.0,1.0,1.0,10.0,10.0,24.390243902439025,36.0,50.0,44.0,0,1,East
columbia_international_columbia_intl,8.0,2.0,6.0,31.0,2.0,0.0,10.0,2.0,42.857142857142854,30.0,66.66666666666666,24.0,0,1,East
columbia_lions,16.178571428571427,4.071428571428571,7.035714285714286,17.571428571428573,0.4642857142857143,0.07142857142857142,16.964285714285715,13.892857142857142,48.04581658947954,31.62861210952135,62.52891192911376,42.57142857142857,22,28,East
connecticut_college_camels,7.0,2.0,10.0,18.0,1.0,0.0,8.0,4.0,20.588235294117645,22.22222222222222,40.0,29.0,0,1,East
converse,15.0,5.0,9.0,30.0,0.0,0.0,25.0,2.0,35.8974358974359,41.17647058823529,69.23076923076923,28.0,0,1,East
coppin_state_eagles,10.653846153846153,3.423076923076923,7.423076923076923,15.192307692307692,0.6538461538461539,0.15384615384615385,16.26923076923077,10.615384615384615,41.11437511397347,25.38518626460399,69.00340295127616,39.15384615384615,13,26,East
cornell_big_red,12.833333333333334,3.25,7.291666666666667,18.541666666666668,1.125,0.16666666666666666,16.916666666666668,7.125,39.028117855894735,26.109382429719115,63.800492275556216,36.75,9,24,East
cs_dominguez_hills_toros,8.0,2.0,4.0,15.0,0.0,0.0,17.0,0.0,34.61538461538461,33.33333333333333,68.75,44.0,0,1,East
csu_pueblo_thunderwolves,8.5,6.5,5.5,9.0,0.0,0.0,19.5,8.5,31.60714285714286,29.62121212121212,70.0,36.5,0,2,East
cumberland_ky_indians,10.5,2.0,7.5,14.0,1.0,1.0,26.5,5.5,45.4006968641115,20.97902097902098,59.51086956521739,33.5,0,2,East
dakota_wesleyan_tigers,12.0,1.0,5.0,17.0,1.0,0.0,16.0,3.0,40.816326530612244,8.333333333333332,,30.0,0,1,East
dartmouth_big_green,9.153846153846153,2.1923076923076925,6.384615384615385,18.346153846153847,0.9615384615384616,0.038461538461538464,15.73076923076923,3.730769230769231,36.22638802947027,25.61387653511684,63.2258000262287,35.42307692307692,3,26,East
davis_elkins_senators,5.0,1.0,2.0,15.0,2.0,0.0,18.0,0.0,33.33333333333333,9.375,50.0,29.0,0,1,East
delaware_blue_hens,11.966666666666667,3.6333333333333333,7.8,13.933333333333334,0.23333333333333334,0.06666666666666667,16.133333333333333,15.6,41.96198536140853,29.96608242119078,70.32701514490348,44.4,23,30,East
delaware_state_hornets,7.7727272727272725,1.5,4.363636363636363,22.227272727272727,1.8181818181818181,0.22727272727272727,12.545454545454545,2.1363636363636362,38.6448977376219,23.365515906678308,65.99566735505924,33.90909090909091,0,22,East
denver_pioneers,12.310344827586206,5.241379310344827,6.137931034482759,15.310344827586206,0.9655172413793104,0.13793103448275862,16.103448275862068,7.793103448275862,46.119237096475715,29.584089160745915,75.99929333318637,34.51724137931034,10,29,East
detroit_mercy_titans,10.962962962962964,2.3703703703703702,9.037037037037036,19.77777777777778,0.5555555555555556,0.07407407407407407,17.85185185185185,2.5555555555555554,40.707881565154736,26.265573267207255,65.52142842013245,35.51851851851852,1,27,East
dickinson_state_nd_blue_hawks,8.0,0.0,4.0,29.0,1.0,0.0,24.0,6.0,58.333333333333336,10.0,80.0,23.0,0,1,East
drexel_dragons,16.70967741935484,2.935483870967742,7.387096774193548,11.096774193548388,0.7096774193548387,0.0967741935483871,14.0,15.483870967741936,47.954082493788135,29.707931620989438,75.39625647661289,35.903225806451616,26,31,East
duke_blue_devils,13.766666666666667,4.1,6.666666666666667,16.5,0.43333333333333335,0.03333333333333333,14.7,12.633333333333333,46.89825500374255,31.12358257800623,67.41417054002866,38.93333333333333,17,30,East
duquesne_dukes,14.793103448275861,2.8275862068965516,7.517241379310345,14.482758620689655,1.0689655172413792,0.034482758620689655,16.103448275862068,9.793103448275861,45.24395875066264,33.32244242134057,70.64203021553294,35.206896551724135,11,29,East
east_carolina_pirates,12.892857142857142,4.928571428571429,11.0,17.107142857142858,0.8571428571428571,0.32142857142857145,18.75,13.285714285714286,40.19770916780722,24.67561663257705,59.94716816448781,37.142857142857146,11,28,East
east_stroudsburg_university_warriors,7.0,0.0,4.0,32.0,3.0,0.0,14.0,1.0,24.324324324324326,26.666666666666668,55.55555555555556,39.0,0,1,East
east_tennessee_state_bucs,10.814814814814815,3.0,7.555555555555555,14.703703703703704,0.48148148148148145,0.0,16.814814814814813,5.814814814814815,39.285992961918936,29.298689494241536,69.30513092326723,33.851851851851855,6,27,East
eastern_kentucky_colonels,12.096774193548388,3.935483870967742,9.161290322580646,17.677419354838708,0.3870967741935484,0.22580645161290322,17.580645161290324,10.870967741935484,41.90956717952104,28.579340819373343,73.37437782255431,38.67741935483871,15,31,East
eastern_michigan_eagles,9.653846153846153,3.1538461538461537,8.692307692307692,14.076923076923077,0.4230769230769231,0.19230769230769232,16.653846153846153,9.923076923076923,43.37634869928387,28.061213315615245,68.75418216511333,37.26923076923077,6,26,East
eastern_washington_eagles,12.1,2.2333333333333334,8.833333333333334,14.0,0.3,0.0,16.533333333333335,9.766666666666667,39.2141729678173,29.637674706400254,69.61549186680764,37.13333333333333,9,30,East
ecclesia_royals,6.0,0.0,6.0,27.0,0.0,0.0,7.0,5.0,25.0,15.384615384615385,68.0,24.0,0,1,East
edward_waters_tigers,9.0,2.0,11.5,20.0,0.5,0.0,19.5,4.0,42.23946784922394,16.06280193236715,66.8103448275862,39.0,0,2,East
emory_henry_wasps,8.0,2.0,9.0,21.0,1.5,0.0,15.5,6.5,33.43653250773994,21.363636363636363,59.61538461538461,31.5,0,2,East
erskine_flying_fleet,3.0,2.6666666666666665,8.666666666666666,23.666666666666668,5.333333333333333,0.0,12.333333333333334,0.0,27.748538011695903,9.506172839506172,43.452380952380956,26.333333333333332,0,3,East
evansville_purple_aces,11.2,3.2333333333333334,8.033333333333333,16.1,0.23333333333333334,0.06666666666666667,19.333333333333332,7.133333333333334,43.16553041721996,27.248930396524983,71.42523546285356,34.53333333333333,8,30,East
evergreen_state_geoducks,10.0,5.0,5.5,19.5,1.0,0.0,10.5,0.0,31.96944899072559,20.555555555555557,54.166666666666664,31.0,0,2,East
fairfield_stags,14.32258064516129,2.4516129032258065,7.870967741935484,11.32258064516129,0.3870967741935484,0.03225806451612903,12.483870967741936,15.451612903225806,45.95899363466213,33.985041670825154,75.76156865206102,33.54838709677419,25,31,East
fairleigh_dickinson_knights,12.766666666666667,2.7666666666666666,6.033333333333333,14.566666666666666,0.5,0.16666666666666666,15.633333333333333,13.466666666666667,43.705133649590564,32.061348786709985,70.33815484742595,37.4,19,30,East
faulkner_eagles,9.0,1.0,3.0,23.0,5.0,0.0,12.0,9.0,34.61538461538461,31.818181818181817,80.0,38.0,0,1,East
fisher_college_eagles,5.333333333333333,1.0,4.0,29.666666666666668,0.6666666666666666,0.0,14.0,0.0,23.602390269056936,19.85060690943044,79.16666666666667,27.0,0,3,East
florida_am_rattlers,9.608695652173912,1.2608695652173914,6.260869565217392,21.0,1.6956521739130435,0.0,17.956521739130434,3.1739130434782608,37.396123955854584,27.010634079257528,65.67627901505274,36.65217391304348,2,23,East
florida_atlantic_owls,11.379310344827585,2.0344827586206895,5.689655172413793,15.862068965517242,0.7586206896551724,0.0,15.241379310344827,7.896551724137931,43.64806638821929,27.8444372649069,73.28138345646619,35.93103448275862,5,29,East
florida_international_panthers,11.4,2.5,9.533333333333333,16.966666666666665,1.0333333333333334,0.0,20.0,10.8,45.06308595982435,29.295098757074893,71.33913341473242,33.86666666666667,14,30,East
florida_memorial_lions,7.666666666666667,1.6666666666666667,9.333333333333334,22.333333333333332,2.0,0.6666666666666666,22.0,3.0,42.494192799070845,25.912698412698415,60.84656084656084,33.666666666666664,0,3,East
florida_national_conquistadors,6.0,2.0,11.0,28.0,0.0,0.0,19.0,0.0,22.857142857142858,28.57142857142857,58.333333333333336,21.0,0,1,East
fordham_rams,13.714285714285714,2.4642857142857144,7.428571428571429,13.214285714285714,0.7142857142857143,0.03571428571428571,15.035714285714286,13.321428571428571,43.84826679221243,30.149661574243623,73.31498078607139,34.92857142857143,18,28,East
fort_valley_state_wildcats,8.0,2.0,12.0,30.0,2.0,0.0,23.0,3.0,47.91666666666667,10.526315789473683,63.33333333333333,38.0,0,1,East
fresno_state_bulldogs,13.0,2.2413793103448274,6.413793103448276,11.655172413793103,0.6551724137931034,0.13793103448275862,14.448275862068966,11.03448275862069,44.7481819160126,36.18122953264303,74.03302935417534,36.0,11,29,East
frostburg_state_bobcats,6.0,0.0,3.0,23.0,2.0,0.0,17.0,2.0,25.0,50.0,63.1578947368421,25.0,0,1,East
george_mason_patriots,10.655172413793103,2.5517241379310347,5.724137931034483,15.724137931034482,0.6896551724137931,0.034482758620689655,15.96551724137931,6.827586206896552,40.68161829630231,27.250099424054483,66.39522946683215,36.3448275862069,10,29,East
george_washington_revolutionaries,9.6,1.8,7.366666666666666,14.666666666666666,0.6666666666666666,0.0,15.7,8.2,37.81123793585196,26.861266793252234,60.54210497964368,37.93333333333333,13,30,East
georgetown_hoyas,12.724137931034482,3.7586206896551726,8.0,18.103448275862068,0.7241379310344828,0.0,16.82758620689655,8.655172413793103,42.31601941779196,29.331824049385446,70.29868236220324,37.48275862068966,10,29,East
georgia_state_panthers,11.653846153846153,2.8461538461538463,9.23076923076923,15.961538461538462,0.5,0.2692307692307692,20.192307692307693,8.653846153846153,44.31321823487064,28.97695145871601,64.30225698673554,34.76923076923077,10,26,East
gettysburg_bullets,6.0,3.0,5.0,22.0,0.0,0.0,26.0,0.0,31.25,11.11111111111111,53.84615384615385,32.0,0,1,East
grace_christian_university_tigers,4.0,0.0,8.0,29.0,0.0,0.0,14.0,0.0,30.303030303030305,20.0,76.47058823529412,21.0,0,1,East
graceland_university_graceland,6.0,4.0,2.0,32.0,1.0,0.0,13.0,0.0,30.952380952380953,0.0,66.66666666666666,37.0,0,1,East
grambling_lady_tigers,10.857142857142858,2.8095238095238093,7.809523809523809,16.61904761904762,0.5714285714285714,0.19047619047619047,19.476190476190474,4.428571428571429,40.82147608124357,25.061284972828535,65.18048647532855,31.904761904761905,4,21,East
greenville_panthers,17.0,2.0,5.0,24.0,0.0,0.0,13.0,0.0,34.61538461538461,33.33333333333333,50.0,47.0,0,1,East
hampton_lady_pirates,10.392857142857142,1.9285714285714286,8.714285714285714,15.428571428571429,0.7857142857142857,0.10714285714285714,17.678571428571427,8.5,40.09686795311257,27.086420042191826,61.12053131191557,34.5,12,28,East
harris_stowe_state_hornets,5.0,2.0,10.0,22.0,0.0,0.0,23.0,2.0,22.22222222222222,33.33333333333333,68.29268292682927,39.0,0,1,East
hartford_hawks,11.066666666666666,2.533333333333333,7.0,20.633333333333333,0.8666666666666667,0.06666666666666667,16.3,3.6,40.22353539882075,30.148594755810088,59.897799024734006,34.36666666666667,4,30,East
harvard_crimson,15.25925925925926,2.6296296296296298,10.777777777777779,12.407407407407407,0.37037037037037035,0.0,17.14814814814815,15.481481481481481,43.882459081921034,32.932170674117025,66.92442423290377,36.851851851851855,13,27,East
haskell_jayhawks,12.0,1.0,10.0,19.0,1.0,0.0,17.0,0.0,39.02439024390244,5.0,30.0,31.0,0,1,East
hendrix_college_warriors,8.0,0.5,5.0,16.5,0.0,0.0,12.0,1.5,22.54032258064516,24.07407407407407,51.42857142857143,33.5,0,2,East
hofstra_pride,10.75,1.5,8.821428571428571,17.892857142857142,1.1428571428571428,0.10714285714285714,17.285714285714285,5.964285714285714,41.83356649550035,23.086281838216824,59.980440891193645,33.5,8,28,East
holy_cross_crusaders,13.033333333333333,2.6666666666666665,6.466666666666667,15.6,0.26666666666666666,0.13333333333333333,13.1,12.233333333333333,44.811377798749945,31.807315515483875,69.77326177422086,38.2,20,30,East
holy_names_university_hawks,5.0,0.0,6.0,33.0,5.0,0.0,5.0,0.0,20.0,33.33333333333333,87.5,22.0,0,1,East
howard_bison,12.0,3.652173913043478,9.478260869565217,17.17391304347826,0.30434782608695654,0.08695652173913043,17.869565217391305,14.434782608695652,41.900646511679064,25.939938783619883,67.30532395522245,40.78260869565217,15,23,East
howard_payne_yellow_jackets,6.0,1.0,3.5,24.0,0.0,0.0,18.5,0.0,23.536439665471924,22.869565217391305,60.434782608695656,32.5,0,2,East
huston_tillotson_rams,5.5,3.5,8.0,25.5,2.0,0.0,17.5,0.5,30.19744483159117,16.964285714285715,74.24242424242425,35.5,0,2,East
idaho_vandals,14.34375,2.53125,6.03125,12.6875,0.4375,0.03125,14.125,11.40625,43.78981472677175,30.824481745856,71.13294578658356,37.1875,14,32,East
illinois_fighting_illini,12.555555555555555,3.4074074074074074,6.703703703703703,16.814814814814813,0.37037037037037035,0.07407407407407407,15.333333333333334,7.37037037037037,43.4022913881106,31.791540410563456,66.21860181375818,36.7037037037037,7,27,East
immaculata_mighty_macs,6.0,0.0,9.0,19.0,0.0,0.0,9.0,0.0,27.500000000000004,14.285714285714285,55.55555555555556,38.0,0,1,East
incarnate_word_cardinals,10.551724137931034,2.793103448275862,8.344827586206897,17.0,1.0344827586206897,0.034482758620689655,16.482758620689655,8.482758620689655,42.35164284854412,26.47296230315479,68.79361746865496,35.51724137931034,13,29,East
indiana_state_sycamores,12.548387096774194,1.8709677419354838,10.064516129032258,16.870967741935484,1.032258064516129,0.22580645161290322,19.870967741935484,10.451612903225806,46.093316348146416,31.095285472320327,68.12488211976812,33.87096774193548,11,31,East
iona_gaels,13.884615384615385,2.5384615384615383,7.6923076923076925,17.73076923076923,0.5384615384615384,0.0,15.346153846153847,8.846153846153847,47.58476729247408,28.809760833062455,60.919036607593405,31.73076923076923,11,26,East
james_madison_dukes,9.172413793103448,2.5517241379310347,5.931034482758621,15.724137931034482,0.4827586206896552,0.3103448275862069,16.448275862068964,10.551724137931034,43.22151737431425,28.796151644065922,72.22679757547931,39.96551724137931,14,29,East
jamestown_jimmies,6.0,1.0,8.0,23.0,0.0,0.0,18.0,4.0,29.411764705882355,21.052631578947366,66.66666666666666,30.0,0,1,East
jarvis_christian_bulldogs,7.0,2.0,4.0,20.666666666666668,0.3333333333333333,0.0,23.0,2.6666666666666665,36.94444444444444,25.694444444444443,65.16293368467281,35.666666666666664,0,3,East
jessup_university_warriors,8.0,3.0,8.0,25.0,4.0,0.0,11.0,6.0,14.285714285714285,28.57142857142857,50.0,23.0,0,1,East
john_carroll_blue_streaks,10.0,4.0,4.0,28.0,1.0,0.0,15.0,4.0,29.72972972972973,36.36363636363637,50.0,31.0,0,1,East
johnson_university_fl_suns,6.0,1.0,4.0,39.0,0.0,0.0,15.0,0.0,29.629629629629626,42.857142857142854,50.0,10.0,0,1,East
johnson_wales_nc_wildcats,6.0,3.0,5.0,29.0,1.0,0.0,24.0,0.0,18.91891891891892,16.666666666666664,71.42857142857143,38.0,0,1,East
kansas_wesleyan_coyotes,7.0,2.0,9.0,16.0,0.0,0.0,10.0,0.0,39.53488372093023,26.666666666666668,100.0,27.0,0,1,East
kennesaw_state_owls,11.0,2.3703703703703702,7.592592592592593,16.074074074074073,0.7037037037037037,0.037037037037037035,17.51851851851852,9.777777777777779,42.8488846641259,31.574432359647208,65.59107361202379,34.0,9,27,East
kentucky_state_thorobreds,14.333333333333334,2.0,10.333333333333334,29.0,0.6666666666666666,0.0,22.666666666666668,1.3333333333333333,44.56649831649832,29.91452991452992,40.74074074074074,34.666666666666664,0,3,East
king_tn_tornado,4.0,3.0,10.0,23.0,4.0,0.0,16.0,2.0,45.94594594594595,14.285714285714285,100.0,34.0,0,1,East
kings_pa_monarchs,14.0,0.0,3.0,18.0,1.0,0.0,13.0,2.0,28.000000000000004,33.33333333333333,83.33333333333334,33.0,0,1,East
la_salle_explorers,14.071428571428571,2.9285714285714284,9.285714285714286,14.428571428571429,0.4642857142857143,0.17857142857142858,16.321428571428573,10.5,44.18064053164682,31.711540169910702,74.7937552213868,33.892857142857146,16,28,East
lafayette_leopards,10.866666666666667,3.8,5.5,16.4,1.0,0.13333333333333333,14.133333333333333,6.666666666666667,44.143641463572244,26.644498532656428,68.32247052041103,36.8,12,30,East
lagrange_panthers,5.0,4.0,6.0,15.0,1.0,0.0,12.0,0.0,25.71428571428571,18.181818181818183,71.42857142857143,31.0,0,1,East
lake_erie_storm,9.0,1.0,5.0,17.0,0.0,0.0,12.0,2.0,41.66666666666667,26.08695652173913,50.0,41.0,0,1,East
lamar_cardinals,13.178571428571429,2.4642857142857144,7.178571428571429,15.964285714285714,0.7142857142857143,0.10714285714285714,16.357142857142858,10.857142857142858,43.082322626826056,35.86179923741218,67.18507477956817,35.107142857142854,14,28,East
lee_flames,11.0,0.0,7.0,16.0,0.0,0.0,15.0,0.0,24.137931034482758,31.818181818181817,66.66666666666666,21.0,0,1,East
lees_mcrae_bobcats,7.0,0.0,11.5,28.0,1.5,0.0,19.5,0.0,34.513888888888886,10.714285714285714,59.04761904761905,27.0,0,2,East
lehigh_mountain_hawks,15.4,4.366666666666666,7.033333333333333,13.766666666666667,0.5333333333333333,0.0,12.2,16.3,48.14133491126157,31.74030936845189,74.52006612076944,39.13333333333333,19,30,East
lenoir_rhyne_bears,6.0,3.5,8.5,24.5,1.5,0.0,14.5,2.5,36.666666666666664,22.19251336898396,72.30392156862744,30.0,0,2,East
lewis_clark_st_warriors,6.0,1.0,3.0,18.0,2.0,0.0,8.0,0.0,30.434782608695656,13.333333333333334,70.58823529411765,42.0,0,1,East
liberty_flames,16.366666666666667,3.8,5.8,15.433333333333334,0.7666666666666667,0.03333333333333333,16.5,21.5,51.909839220043025,31.251921164974412,66.52110534355789,42.06666666666667,27,30,East
life_pacific,5.5,0.5,3.5,11.0,0.0,0.0,8.0,0.5,33.29268292682927,19.799498746867165,41.82692307692308,32.0,0,2,East
life_university_running_eagles,6.0,2.0,3.5,18.5,1.5,0.0,15.5,0.5,32.306830907054874,26.244343891402714,60.434782608695656,41.5,0,2,East
lindenwood_lions,9.0,1.0,5.0,29.0,0.0,0.0,18.0,0.0,30.434782608695656,19.047619047619047,36.36363636363637,25.0,0,1,East
lipscomb_bisons,10.766666666666667,3.2666666666666666,5.033333333333333,15.5,0.8333333333333334,0.16666666666666666,17.533333333333335,8.866666666666667,43.465666455681806,32.3360114036637,72.88521474512187,35.36666666666667,10,30,East
lock_haven_university_bald_eagles,13.0,2.0,7.0,28.0,2.0,0.0,10.0,0.0,43.75,35.714285714285715,45.45454545454545,29.0,0,1,East
long_island_university_sharks,10.62962962962963,3.7777777777777777,8.481481481481481,17.51851851851852,0.48148148148148145,0.037037037037037035,18.666666666666668,6.0,37.13554911601884,31.474087203486008,60.87314192706349,36.407407407407405,9,27,East
longwood_lancers,14.21875,4.875,10.34375,17.125,0.625,0.03125,18.0,15.5625,47.86265249991536,30.126440362154604,74.26783537525016,36.5625,21,32,East
louisiana_christian_university_wildcats,10.0,4.0,9.0,31.0,0.0,0.0,21.0,6.0,33.33333333333333,13.636363636363635,70.0,39.0,0,1,East
louisiana_christian_wildcats,7.0,0.0,7.0,19.0,0.0,0.0,29.0,3.0,42.10526315789473,30.0,68.18181818181817,33.0,0,1,East
loyola_maryland_greyhounds,11.206896551724139,0.8620689655172413,6.586206896551724,16.275862068965516,1.3793103448275863,0.034482758620689655,15.827586206896552,5.172413793103448,41.47911043314396,30.524037084702183,72.50998005202172,32.48275862068966,5,29,East
loyola_marymount_lions,12.137931034482758,2.2758620689655173,7.551724137931035,18.344827586206897,1.0689655172413792,0.06896551724137931,15.413793103448276,6.620689655172414,45.19768271516591,26.991326559422518,69.61262273254303,33.58620689655172,10,29,East
loyola_new_orleans_wolfpack,7.0,2.0,9.0,20.0,0.0,0.0,16.0,4.0,39.02439024390244,0.0,63.1578947368421,41.0,0,1,East
lsu_alexandria_generals,15.0,0.0,10.0,24.0,1.0,0.0,12.0,0.0,26.31578947368421,36.0,25.0,30.0,0,1,East
lsu_shreveport_pilots,7.0,2.6666666666666665,5.666666666666667,26.333333333333332,0.3333333333333333,2.0,15.666666666666666,1.3333333333333333,30.00079649542015,25.63178780284043,70.91880341880342,26.333333333333332,0,3,East
maine_black_bears,14.483870967741936,2.7096774193548385,8.709677419354838,13.35483870967742,0.6774193548387096,0.03225806451612903,15.419354838709678,12.806451612903226,47.92342356871103,29.351229025008845,68.70877119928353,32.54838709677419,20,31,East
manchester_spartans,7.0,0.0,3.0,34.0,3.0,0.0,10.0,5.0,26.08695652173913,37.5,62.5,27.0,0,1,East
manhattan_jaspers,12.0625,3.1875,7.90625,17.875,0.5625,0.0625,15.5,12.65625,44.54920352866179,27.61763919370091,71.39787237335979,43.625,21,32,East
mansfield_mountaineers,4.0,1.0,8.0,25.0,2.0,0.0,18.0,0.0,28.947368421052634,15.384615384615385,60.71428571428571,26.0,0,1,East
marist_red_foxes,11.0,3.4827586206896552,8.413793103448276,15.517241379310345,0.8620689655172413,0.06896551724137931,13.137931034482758,7.206896551724138,39.0287401030999,24.728424170241105,66.2651310825753,33.44827586206897,8,29,East
mars_hill_mountain_lions,7.666666666666667,1.0,7.333333333333333,23.666666666666668,1.3333333333333333,0.0,13.333333333333334,0.3333333333333333,35.33713200379867,27.21956406166932,60.84656084656084,25.0,0,3,East
maryland_eastern_shore_hawks,12.48,2.64,7.64,16.4,0.48,0.12,20.16,12.583333333333334,42.639255072575445,26.69252300735872,63.60878718729708,42.64,11,25,East
maryland_terrapins,15.586206896551724,3.1724137931034484,9.310344827586206,12.96551724137931,0.1724137931034483,0.2413793103448276,15.275862068965518,18.96551724137931,46.384406189725716,34.5659543109775,75.39927561453757,39.275862068965516,21,29,East
massachusetts_minutewomen,14.5625,2.6875,7.71875,13.46875,0.375,0.03125,14.625,15.75,49.03405710837171,32.43830769952535,69.30232336999946,40.53125,26,32,East
mayville_st_comets,12.0,9.0,6.0,17.0,2.0,0.0,16.0,6.0,39.02439024390244,23.076923076923077,68.18181818181817,51.0,0,1,East
mcmurry_war_hawks,7.0,1.0,7.0,25.0,2.0,0.0,12.0,2.0,26.08695652173913,30.0,35.714285714285715,17.0,0,1,East
mcneese_cowgirls,14.25,1.9642857142857142,9.607142857142858,18.928571428571427,0.42857142857142855,0.17857142857142858,20.035714285714285,13.035714285714286,45.36134878409248,30.844608009651754,71.20674139739656,40.535714285714285,13,28,East
mercyhurst_lakers,10.0,0.0,7.0,27.0,2.0,0.0,27.0,2.0,33.33333333333333,27.27272727272727,62.5,27.0,0,1,East
merrimack_warriors,13.461538461538462,1.9230769230769231,6.615384615384615,17.192307692307693,1.0384615384615385,0.07692307692307693,16.0,8.884615384615385,44.71326306059841,32.5410248406614,62.939221325631905,35.88461538461539,9,26,East
miami_oh_redhawks,13.551724137931034,2.689655172413793,9.689655172413794,17.79310344827586,0.3793103448275862,0.034482758620689655,20.862068965517242,6.379310344827586,45.80898352549352,28.869930687707942,73.84645612800306,37.03448275862069,8,29,East
mid_atlantic_christian_mustangs,7.0,0.0,4.0,31.0,2.0,0.0,16.0,0.0,34.61538461538461,23.809523809523807,71.42857142857143,27.0,0,1,East
midway_university_midway,8.0,4.0,10.0,33.0,0.0,0.0,15.0,3.0,40.74074074074074,27.27272727272727,81.25,39.0,0,1,East
millersville_marauders,6.5,0.0,6.0,28.0,0.5,0.5,26.0,0.0,26.008403361344534,17.692307692307693,85.64102564102564,27.0,0,2,East
milwaukee_panthers,13.413793103448276,3.3448275862068964,7.379310344827586,16.79310344827586,0.7586206896551724,0.0,16.448275862068964,9.931034482758621,45.70142333512808,29.09781602849486,77.99555813805307,35.41379310344828,13,29,East
minnesota_golden_gophers,13.833333333333334,3.3333333333333335,6.4,14.5,0.6,0.06666666666666667,16.466666666666665,9.866666666666667,42.58460072275113,37.32070597073206,74.53420244460425,36.8,13,30,East
minnesota_morris_cougars,6.0,2.0,4.0,22.0,0.0,0.0,18.0,0.0,44.827586206896555,21.052631578947366,65.38461538461539,32.0,0,1,East
mississippi_state_bulldogs,13.392857142857142,5.214285714285714,9.178571428571429,11.821428571428571,0.7142857142857143,0.07142857142857142,14.678571428571429,13.5,47.925302314433104,33.20561502784001,63.450186638512875,35.607142857142854,14,28,East
mississippi_valley_state_devilettes,12.681818181818182,1.9545454545454546,9.636363636363637,19.181818181818183,0.7727272727272727,0.09090909090909091,21.318181818181817,5.2272727272727275,36.00848282538896,29.189736037774743,62.99939787770035,39.18181818181818,3,22,East
missouri_baptist_spartans,9.5,2.5,7.0,23.0,1.0,0.0,15.0,0.0,35.416666666666664,22.619047619047617,87.5,28.0,0,2,East
missouri_science_technology_miners,12.5,2.5,4.5,15.0,0.5,0.0,12.5,2.5,50.55986218776916,33.55614973262032,50.0,29.5,0,2,East
mobile_rams,9.5,3.5,8.0,20.0,0.5,0.0,15.0,3.0,39.68023255813954,13.888888888888888,60.0,35.5,0,2,East
molloy_lions,10.0,8.0,6.0,24.0,2.0,0.0,19.0,5.0,34.61538461538461,50.0,54.54545454545454,38.0,0,1,East
monmouth_hawks,12.833333333333334,3.6,7.166666666666667,19.1,0.7666666666666667,0.03333333333333333,15.966666666666667,8.2,42.84502515721746,29.91937581073342,65.9824049614903,37.833333333333336,14,30,East
montana_state_billings_yellowjackets,17.0,1.0,9.0,16.0,1.0,0.0,24.0,7.0,34.146341463414636,37.5,77.27272727272727,49.0,0,1,East
montevallo_falcons,9.0,0.0,11.0,23.0,3.0,0.0,11.0,8.0,48.64864864864865,12.0,41.66666666666667,41.0,0,1,East
montreat_cavaliers,4.0,1.0,3.0,26.0,4.0,0.0,13.0,0.0,26.666666666666668,6.666666666666667,40.0,24.0,0,1,East
morehead_state_eagles,9.75,3.25,6.892857142857143,17.214285714285715,0.7857142857142857,0.07142857142857142,17.107142857142858,3.75,41.641833225018104,25.005728284390095,66.84356230837322,31.5,1,28,East
morgan_state_lady_bears,10.590909090909092,2.772727272727273,11.636363636363637,17.0,0.5909090909090909,0.45454545454545453,18.727272727272727,14.954545454545455,40.696697807445496,26.821808315951355,66.34259926264134,39.0,15,22,East
mount_olive_trojans,10.0,1.0,10.0,21.0,0.0,0.0,23.0,3.0,37.5,46.666666666666664,72.72727272727273,28.0,0,1,East
mount_st_marys_mountaineers,11.892857142857142,2.6785714285714284,7.142857142857143,16.0,0.39285714285714285,0.07142857142857142,16.25,13.714285714285714,46.21386567416762,35.42655667342196,72.00966737707407,33.535714285714285,16,28,East
multnomah_university_multnomah,14.0,2.0,3.0,14.0,0.0,0.0,14.0,0.0,41.46341463414634,33.33333333333333,69.23076923076923,27.0,0,1,East
navy_midshipmen,10.870967741935484,2.3225806451612905,7.032258064516129,14.32258064516129,0.5806451612903226,0.12903225806451613,16.032258064516128,5.0,39.51921174884754,28.218573801696877,68.37980456180057,35.16129032258065,10,31,East
nc_state_wolfpack,14.25,3.03125,7.28125,12.28125,0.21875,0.09375,13.1875,23.125,50.80936713746515,36.78407625916386,76.7492870327202,42.15625,29,32,East
nelson_lions,7.5,1.0,10.0,21.0,3.0,0.0,13.0,0.0,28.03921568627451,28.484848484848484,65.47619047619048,22.5,0,2,East
new_hampshire_wildcats,10.214285714285714,1.7142857142857142,8.75,17.25,1.0714285714285714,0.07142857142857142,17.642857142857142,6.785714285714286,41.32936760865523,22.74157083818471,67.64400885563366,32.5,7,28,East
new_mexico_state_aggies,11.285714285714286,2.107142857142857,8.535714285714286,15.928571428571429,0.7142857142857143,0.10714285714285714,20.285714285714285,12.321428571428571,43.36554412391134,26.57260542197178,67.34729204260049,37.82142857142857,10,28,East
new_orleans_privateers,10.26086956521739,2.1739130434782608,9.217391304347826,19.08695652173913,0.8260869565217391,0.0,20.695652173913043,6.0,37.736114507110976,25.88057715540202,66.21888263020986,33.26086956521739,5,23,East
niagara_purple_eagles,12.9,1.3666666666666667,13.166666666666666,20.266666666666666,0.8,0.06666666666666667,19.833333333333332,9.0,43.294373828716544,26.74152984456455,67.46281563210874,35.733333333333334,15,30,East
nicholls_colonels,10.36,1.8,8.28,19.92,0.6,0.08,17.52,4.76,41.75955978082351,24.822493846023256,74.05355660171782,36.04,4,25,East
njit_highlanders,9.6,4.8,5.033333333333333,17.8,1.4,0.06666666666666667,16.666666666666668,7.6,45.519325688927616,29.04862067146695,66.86337055069389,35.9,15,30,East
norfolk_state_spartans,10.846153846153847,4.269230769230769,12.307692307692308,17.153846153846153,0.5384615384615384,0.6923076923076923,19.423076923076923,14.692307692307692,41.94263151034133,25.384722131340116,68.37284274062591,36.46153846153846,16,26,East
north_alabama_lions,15.310344827586206,4.379310344827586,6.827586206896552,16.03448275862069,0.896551724137931,0.20689655172413793,17.03448275862069,13.275862068965518,47.248510719076066,33.19518543891026,76.0200268663537,34.96551724137931,13,29,East
north_carolina_at_aggies,14.96,2.2,8.84,17.56,0.56,0.04,15.56,11.84,47.53654635318984,28.45749216383891,70.01821309125657,35.92,12,25,East
north_carolina_central_eagles,10.45,2.8,10.25,20.9,0.55,0.3,21.0,7.7,35.339315516143905,24.64792629578435,67.9825561431452,40.0,4,20,East
north_carolina_tar_heels,14.148148148148149,3.925925925925926,9.814814814814815,13.777777777777779,0.4444444444444444,0.14814814814814814,15.88888888888889,26.814814814814813,44.579281138947636,32.159171337327614,70.66792814645393,43.55555555555556,21,27,East
north_dakota_fighting_hawks,12.310344827586206,3.896551724137931,6.724137931034483,14.689655172413794,0.6551724137931034,0.034482758620689655,16.413793103448278,10.241379310344827,43.76740159878985,31.331722069017893,79.20540160861177,38.93103448275862,14,29,East
north_dakota_state_bison,10.241379310344827,1.7586206896551724,6.517241379310345,14.931034482758621,0.5862068965517241,0.10344827586206896,17.275862068965516,10.793103448275861,45.0268125279841,32.58413548286414,73.72963570613275,34.37931034482759,11,29,East
north_florida_ospreys,14.5,4.666666666666667,7.933333333333334,17.066666666666666,0.5,0.0,17.566666666666666,14.833333333333334,50.02992493842066,30.453951563966463,73.36173618836158,35.7,13,30,East
northeastern_huskies,11.464285714285714,2.392857142857143,7.964285714285714,18.071428571428573,0.7142857142857143,0.0,18.25,11.178571428571429,47.32370298735122,27.738964240782646,70.3320243781371,35.57142857142857,13,28,East
northern_colorado_bears,12.35483870967742,2.6774193548387095,7.225806451612903,17.35483870967742,1.032258064516129,0.0,15.225806451612904,10.806451612903226,43.5947803379245,35.75997212605621,75.16568821318842,37.45161290322581,15,31,East
northern_illinois_huskies,11.827586206896552,1.5517241379310345,6.344827586206897,15.10344827586207,0.6896551724137931,0.2413793103448276,13.068965517241379,11.517241379310345,45.43853774504546,32.01638018755011,71.34563520572915,41.689655172413794,14,29,East
northland_lumberjacks,3.0,0.0,5.0,26.0,1.0,0.0,12.0,0.0,21.875,8.333333333333332,50.0,17.0,0,1,East
northwest_nazarene_nighthawks,8.0,1.0,9.0,14.0,0.0,0.0,20.0,0.0,23.404255319148938,15.625,90.0,43.0,0,1,East
northwest_university_eagles,7.0,2.0,8.0,25.0,2.0,0.0,13.0,0.0,16.666666666666664,21.428571428571427,56.25,36.0,0,1,East
northwestern_state_lady_demons,11.125,2.9166666666666665,8.708333333333334,18.333333333333332,0.375,0.20833333333333334,16.291666666666668,10.875,42.29665000148788,26.561388230661517,71.73688811677656,38.541666666666664,11,24,East
notre_dame_college_oh_blue_falcons,5.0,0.0,5.0,23.0,2.0,0.0,18.0,0.0,45.23809523809524,10.0,57.14285714285714,32.0,0,1,East
notre_dame_of_maryland_university_gators,8.0,3.0,6.0,36.0,0.0,0.0,12.0,0.0,25.0,20.0,59.09090909090909,28.0,0,1,East
oakland_city_mighty_oaks,9.5,1.5,7.5,28.0,3.0,1.0,21.0,0.0,45.625,36.0,66.78571428571428,30.5,0,2,East
oakland_golden_grizzlies,11.133333333333333,1.5666666666666667,7.433333333333334,15.233333333333333,0.7,0.2,17.2,9.275862068965518,42.87194871017862,29.757841066059324,69.54738007265266,35.7,15,30,East
oakwood_ambassadors,2.0,1.0,11.0,23.0,1.0,0.0,24.0,0.0,16.666666666666664,12.5,51.724137931034484,26.0,0,1,East
ohio_christian_trailblazers,9.0,3.0,2.0,22.0,0.0,0.0,17.0,0.0,37.83783783783784,23.076923076923077,83.33333333333334,35.0,0,1,East
oklahoma_state_cowgirls,11.586206896551724,3.8275862068965516,9.068965517241379,14.448275862068966,0.7586206896551724,0.034482758620689655,16.137931034482758,9.482758620689655,36.82735077852508,28.93016759582896,62.10454772984654,36.96551724137931,9,29,East
old_dominion_monarchs,11.870967741935484,3.870967741935484,10.516129032258064,14.903225806451612,0.5483870967741935,0.1935483870967742,18.258064516129032,14.483870967741936,44.80820447198577,27.164475007072024,63.75850929359546,37.32258064516129,22,31,East
olivet_comets,8.0,1.0,5.0,41.0,0.0,0.0,11.0,0.0,30.76923076923077,30.0,33.33333333333333,23.0,0,1,East
omaha_mavericks,10.923076923076923,2.423076923076923,7.769230769230769,16.46153846153846,1.0769230769230769,0.11538461538461539,17.076923076923077,7.230769230769231,43.07742153854443,27.613661922872446,74.68727114411386,33.0,7,26,East
oregon_state_beavers,14.076923076923077,4.961538461538462,5.076923076923077,15.384615384615385,0.7307692307692307,0.07692307692307693,13.115384615384615,10.0,45.45421719741814,32.870584423603,75.63142050208587,40.26923076923077,13,26,East
oregon_tech_hustlin_owls,7.0,6.0,4.0,27.0,1.0,0.0,14.0,1.0,44.73684210526316,7.6923076923076925,78.57142857142857,40.0,0,1,East
pacific_tigers,14.241379310344827,1.7586206896551724,7.758620689655173,16.79310344827586,0.1724137931034483,0.034482758620689655,19.17241379310345,7.896551724137931,43.87719378631667,32.17208918391517,70.04376704040416,34.93103448275862,6,29,East
palm_beach_atlantic_sailfish,5.5,2.0,6.0,24.5,1.5,0.0,20.0,3.0,34.86363636363636,21.666666666666664,60.45751633986928,38.5,0,2,East
park_university_gilbert_buccaneers,10.333333333333334,1.0,8.0,31.666666666666668,0.3333333333333333,0.0,16.0,3.0,37.17171717171717,34.442640692640694,55.45634920634921,32.666666666666664,0,3,East
paul_quinn_tigers,12.0,0.5,6.5,27.5,0.5,0.0,20.5,1.0,35.86309523809524,26.785714285714285,52.637362637362635,44.5,0,2,East
penn_state_lady_lions,13.758620689655173,4.413793103448276,9.551724137931034,15.586206896551724,0.6206896551724138,0.06896551724137931,15.862068965517242,10.10344827586207,49.890915451908064,29.908897107307922,74.65619546947187,33.206896551724135,11,29,East
pennsylvania_quakers,13.0,4.04,8.12,14.64,0.28,0.0,14.96,15.56,42.09376443580781,30.16552343645666,71.2417365821017,40.72,12,25,East
pepperdine_waves,12.217391304347826,3.8260869565217392,7.695652173913044,16.347826086956523,0.30434782608695654,0.17391304347826086,16.782608695652176,7.6521739130434785,45.48825563832696,24.52850384436062,64.69936464501681,35.52173913043478,8,23,East
pfeiffer_falcons,6.0,0.5,7.0,26.5,0.0,0.0,19.0,0.0,25.707070707070706,18.92109500805153,65.71428571428572,39.0,0,2,East
philander_smith_panthers,9.0,1.0,10.0,16.0,0.0,0.0,13.0,4.0,41.86046511627907,14.285714285714285,41.17647058823529,38.0,0,1,East
piedmont_lions,15.0,5.0,7.0,25.0,1.0,0.0,11.0,3.0,32.608695652173914,52.94117647058824,87.5,38.0,0,1,East
pikeville_bears,9.5,0.5,6.0,20.5,1.0,0.0,17.5,7.5,37.5,23.809523809523807,61.68831168831169,37.0,0,2,East
pittsburgh_johnstown_mountain_cats,8.0,1.0,9.0,16.0,1.0,0.0,21.0,2.0,39.53488372093023,20.0,47.05882352941176,32.0,0,1,East
pittsburgh_panthers,11.793103448275861,5.137931034482759,6.793103448275862,18.551724137931036,0.8275862068965517,0.13793103448275862,17.379310344827587,9.10344827586207,39.95253581856859,28.60554131413671,61.102085860444596,44.03448275862069,11,29,East
point_park_pioneers,8.0,2.0,5.0,27.0,2.0,0.0,22.0,0.0,48.275862068965516,13.043478260869565,57.14285714285714,33.0,0,1,East
portland_state_vikings,11.642857142857142,2.0357142857142856,7.964285714285714,15.285714285714286,0.8571428571428571,0.0,14.964285714285714,6.785714285714286,41.57905048916467,28.71507192012491,75.36758623040303,33.32142857142857,4,28,East
prairie_view_am_lady_panthers,15.115384615384615,3.8846153846153846,10.192307692307692,20.03846153846154,1.2692307692307692,0.0,20.884615384615383,10.0,40.684645733974335,31.409211812576398,67.54534915394643,38.5,11,26,East
presbyterian_blue_hose,11.533333333333333,2.4,6.233333333333333,19.3,0.6666666666666666,0.0,15.066666666666666,7.6,46.845337024366366,30.347305601175567,72.2437004977892,35.733333333333334,12,30,East
princeton_tigers,13.777777777777779,2.6666666666666665,10.25925925925926,13.296296296296296,0.6666666666666666,0.0,15.962962962962964,23.333333333333332,44.20147166190832,35.796763364603116,74.70350704046356,39.666666666666664,23,27,East
providence_friars,11.233333333333333,5.8,7.033333333333333,17.966666666666665,0.8333333333333334,0.0,15.8,9.4,43.88194296999008,29.34650971127953,69.8776825170014,38.36666666666667,11,30,East
purdue_fort_wayne_mastodons,12.678571428571429,2.607142857142857,6.75,16.071428571428573,0.7142857142857143,0.07142857142857142,15.964285714285714,9.785714285714286,42.66637310869238,32.53882350500806,83.17833951762523,31.928571428571427,7,28,East
quincy_hawks,11.0,0.5,4.0,21.5,1.5,0.0,14.0,2.5,40.66347469220246,16.88963210702341,83.65384615384616,36.5,0,2,East
quinnipiac_bobcats,13.580645161290322,3.7419354838709675,8.483870967741936,15.806451612903226,0.5161290322580645,0.0,16.161290322580644,15.129032258064516,45.739480014841675,31.17192469233214,72.31692140692284,39.25806451612903,20,31,East
radford_highlanders,12.448275862068966,2.793103448275862,5.931034482758621,19.482758620689655,0.6551724137931034,0.1724137931034483,18.482758620689655,9.0,44.41510254860532,32.26037346493063,64.46328463062743,35.55172413793103,7,29,East
randolph_college_wildcats,6.0,1.0,6.0,28.0,2.0,0.0,17.0,2.0,32.142857142857146,13.636363636363635,100.0,24.0,0,1,East
regis_co_rangers,9.0,1.0,5.0,19.0,2.0,0.0,6.0,5.0,40.0,11.76470588235294,80.0,42.0,0,1,East
rhode_island_rams,13.857142857142858,3.0357142857142856,7.857142857142857,14.357142857142858,0.7857142857142857,0.10714285714285714,12.5,18.178571428571427,46.5829888152399,34.594317545445364,66.32298231217405,39.285714285714285,22,28,East
richmond_spiders,14.466666666666667,5.3,6.766666666666667,16.533333333333335,0.7333333333333333,0.0,16.0,13.933333333333334,53.644629509566045,34.10636459258091,73.26859560773951,37.2,16,30,East
rider_broncs,12.5,4.433333333333334,8.366666666666667,17.0,1.1333333333333333,0.06666666666666667,15.2,8.1,43.72833531543025,31.680189602260494,70.67285078469288,32.43333333333333,9,30,East
robert_morris_colonials,10.678571428571429,2.0357142857142856,8.321428571428571,15.25,1.0714285714285714,0.07142857142857142,17.071428571428573,9.607142857142858,41.792743686288624,29.714294766809765,64.97133209497761,30.785714285714285,13,28,East
rutgers_scarlet_knights,12.096774193548388,3.5806451612903225,8.451612903225806,18.483870967741936,1.3870967741935485,0.0967741935483871,16.967741935483872,9.096774193548388,44.75245885534933,28.628537147462545,66.42378015922151,37.32258064516129,11,31,East
sacramento_state_hornets,13.066666666666666,2.7333333333333334,5.633333333333334,13.133333333333333,0.7666666666666667,0.0,15.066666666666666,8.966666666666667,49.64198277339877,33.479580186026496,72.10846410498112,34.266666666666666,14,30,East
sacred_heart_pioneers,10.16,2.44,6.52,16.52,0.64,0.04,20.16,7.28,41.10947335870937,28.47423707694269,68.58140029904736,34.36,8,25,East
saint_josephs_hawks,13.733333333333333,3.0,6.3,15.366666666666667,0.9333333333333333,0.03333333333333333,14.733333333333333,9.133333333333333,43.82370912376283,32.06385127762164,72.19345714445532,33.4,13,30,East
saint_louis_billikens,11.88888888888889,4.481481481481482,6.925925925925926,14.851851851851851,0.7777777777777778,0.0,12.851851851851851,8.296296296296296,43.414361649234756,26.644053914286186,71.98997433671764,39.18518518518518,9,27,East
saint_marys_gaels,13.96551724137931,2.206896551724138,5.793103448275862,18.310344827586206,0.896551724137931,0.10344827586206896,18.24137931034483,9.517241379310345,46.786524242015446,33.08700886915532,70.582600129584,39.62068965517241,14,29,East
saint_peters_peacocks,11.419354838709678,2.2903225806451615,8.806451612903226,19.516129032258064,0.8709677419354839,0.16129032258064516,18.29032258064516,8.516129032258064,40.683415453790566,27.185458961203206,69.1526159676282,39.58064516129032,13,31,East
salem_university,7.0,3.0,9.0,14.0,0.0,0.0,19.0,0.0,12.121212121212121,23.809523809523807,71.42857142857143,28.0,0,1,East
sam_houston_bearkats,11.133333333333333,2.8333333333333335,9.866666666666667,20.166666666666668,0.6,0.1,20.766666666666666,11.8,41.757482342963144,28.891946016946015,68.64214137501816,39.36666666666667,14,30,East
samford_bulldogs,13.107142857142858,2.142857142857143,7.892857142857143,18.892857142857142,0.9285714285714286,0.0,15.321428571428571,10.037037037037036,46.86365381515037,30.779249459428055,68.98577063531188,36.25,12,28,East
san_diego_state_aztecs,11.903225806451612,2.096774193548387,7.193548387096774,12.870967741935484,0.7419354838709677,0.16129032258064516,16.870967741935484,8.935483870967742,41.424143401342455,34.73628139020194,65.91518038812643,37.83870967741935,15,31,East
san_jose_state_spartans,11.8,3.1666666666666665,7.1,14.5,0.5333333333333333,0.23333333333333334,15.433333333333334,5.833333333333333,40.768091620950294,28.58903570175895,72.61825906976668,33.06666666666667,5,30,East
schreiner_mountaineers,9.0,2.0,10.5,24.0,0.5,0.0,17.0,4.0,35.90909090909091,14.214046822742475,48.91774891774892,36.5,0,2,East
seattle_u_redhawks,13.266666666666667,3.2666666666666666,8.9,15.5,0.4666666666666667,0.26666666666666666,17.333333333333332,9.6,44.12417553746007,28.55219580723802,67.54559208907035,37.06666666666667,11,30,East
seton_hall_pirates,15.419354838709678,3.4516129032258065,7.516129032258065,12.741935483870968,0.4838709677419355,0.16129032258064516,13.161290322580646,11.709677419354838,46.25754669026996,33.734440557208735,76.1860422554021,35.225806451612904,19,31,East
shorter_hawks,4.0,2.0,5.0,13.0,0.0,0.0,18.0,5.5,26.609105180533753,14.285714285714285,85.0,37.0,0,2,East
siena_saints,10.310344827586206,2.896551724137931,8.96551724137931,18.24137931034483,0.7586206896551724,0.10344827586206896,18.82758620689655,7.655172413793103,40.96982098877446,29.249690101483633,64.4359799443773,37.310344827586206,10,29,East
simpson_college_ia_storm,15.0,5.0,10.0,15.0,0.0,0.0,14.0,0.0,33.33333333333333,22.22222222222222,81.81818181818183,31.0,0,1,East
simpson_university_ca_red_hawks,15.0,1.5,8.0,17.0,0.0,0.0,9.0,0.0,35.68398727465535,23.75,75.0,36.0,0,2,East
siu_edwardsville_cougars,15.161290322580646,2.6451612903225805,10.64516129032258,19.774193548387096,0.3870967741935484,0.16129032258064516,18.967741935483872,9.35483870967742,43.61998016383818,30.39513834497855,70.78968497677589,35.645161290322584,13,31,East
slippery_rock_the_rock,6.0,2.0,6.0,15.0,0.0,0.0,17.0,1.0,32.6530612244898,21.052631578947366,66.66666666666666,40.0,0,1,East
smu_mustangs,14.607142857142858,4.107142857142857,7.428571428571429,14.428571428571429,0.5714285714285714,0.07142857142857142,15.035714285714286,10.857142857142858,41.025732412861785,28.47784043687405,67.7013968079333,38.67857142857143,14,28,East
sonoma_st_cossacks,12.0,2.0,5.0,16.0,0.0,0.0,13.0,1.0,35.294117647058826,40.0,45.45454545454545,32.0,0,1,East
south_alabama_jaguars,11.26923076923077,2.0384615384615383,8.923076923076923,15.961538461538462,0.8846153846153846,0.19230769230769232,17.26923076923077,7.730769230769231,41.4183048009312,28.771660868586405,61.05272781991229,33.80769230769231,8,26,East
south_carolina_state_lady_bulldogs,8.733333333333333,4.8,5.333333333333333,22.866666666666667,1.3333333333333333,0.0,16.6,2.7857142857142856,36.38771694908486,23.857764606560796,64.01240667545015,37.53333333333333,2,15,East
southeast_missouri_state_redhawks,12.758620689655173,2.8275862068965516,8.413793103448276,18.517241379310345,0.3448275862068966,0.06896551724137931,18.17241379310345,7.241379310344827,44.088618584360454,26.733064984262526,68.12086641934953,34.6551724137931,6,29,East
southern_jaguars,9.586206896551724,2.0689655172413794,12.03448275862069,15.448275862068966,0.8275862068965517,0.1724137931034483,21.0,11.241379310344827,40.38509256814668,24.09256480503945,62.44792013842153,33.13793103448276,13,29,East
southern_wesleyan_warriors,10.0,1.0,8.0,23.0,0.0,0.0,14.0,0.0,30.76923076923077,33.33333333333333,50.0,28.0,0,1,East
southwestern_assemblies_of_god_lions,11.5,2.5,9.5,23.5,2.0,0.0,15.5,0.0,39.721254355400696,19.404761904761905,73.05194805194806,35.0,0,2,East
spalding_pelicans,9.0,2.0,4.0,21.0,1.0,0.0,7.0,2.0,34.285714285714285,29.411764705882355,75.0,23.0,0,1,East
spring_hill_badgers,8.0,0.0,6.0,20.0,0.0,0.0,21.0,0.0,37.77777777777778,20.0,52.63157894736842,35.0,0,1,East
st_andrews_knights,5.0,1.0,4.0,32.0,2.0,0.0,25.0,0.0,25.0,22.22222222222222,71.42857142857143,22.0,0,1,East
st_bonaventure_bonnies,9.035714285714286,3.7142857142857144,5.928571428571429,14.928571428571429,0.7857142857142857,0.07142857142857142,15.035714285714286,7.5,44.02736012085002,27.775489259622386,69.6414046387786,34.0,12,28,East
st_edwards_hilltoppers,5.5,2.5,5.0,24.5,0.5,0.0,20.5,1.0,30.06756756756757,16.267942583732054,86.0576923076923,31.0,0,2,East
st_francis_brooklyn_terriers,14.222222222222221,2.259259259259259,7.7407407407407405,14.333333333333334,0.4444444444444444,0.0,14.185185185185185,11.222222222222221,45.32002047389143,31.801779088150724,74.10664216868567,32.81481481481482,17,27,East
st_francis_il_fighting_saints,11.0,1.0,9.0,13.0,0.0,0.0,11.0,5.0,44.44444444444444,42.10526315789473,71.42857142857143,18.0,0,1,East
st_francis_pa_red_flash,11.4,1.5666666666666667,4.766666666666667,18.066666666666666,1.5666666666666667,0.1,14.866666666666667,5.4,42.24019100184693,30.221906293130548,68.91146558167972,36.03333333333333,8,30,East
st_johns_red_storm,14.548387096774194,3.6451612903225805,5.580645161290323,14.548387096774194,0.4838709677419355,0.06451612903225806,13.32258064516129,10.516129032258064,48.372407591240425,33.18847889286529,74.78058340040988,34.483870967741936,12,31,East
st_thomas_minnesota_tommies,11.04,2.28,5.64,16.28,1.16,0.0,16.88,7.76,44.98379584202834,30.24829690672469,66.47804939261394,35.16,6,25,East
st_thomas_tx_celts,5.0,1.0,5.0,24.0,1.0,0.0,20.0,2.0,33.33333333333333,8.333333333333332,66.66666666666666,31.0,0,1,East
stanislaus_state_warriors,8.0,1.5,5.0,11.0,1.0,0.0,13.0,2.5,37.0,27.77777777777778,65.53030303030303,41.5,0,2,East
stephens,3.0,0.0,7.0,36.0,2.0,0.0,16.0,0.0,24.324324324324326,0.0,71.42857142857143,37.0,0,1,East
stony_brook_seawolves,13.142857142857142,3.1785714285714284,7.357142857142857,14.892857142857142,0.6071428571428571,0.07142857142857142,14.321428571428571,16.892857142857142,46.569726730229945,30.498340074384966,76.3271873426512,39.464285714285715,23,28,East
syracuse_orange,13.448275862068966,2.0,10.137931034482758,14.551724137931034,0.20689655172413793,0.2413793103448276,15.344827586206897,11.931034482758621,43.483881041148756,30.950756221791345,80.44443883790234,34.86206896551724,11,29,East
talladega_tornadoes,19.0,2.5,8.0,16.5,0.0,0.0,22.5,5.0,44.84649122807017,32.22222222222222,71.66666666666667,29.5,0,2,East
taylor_trojans,13.0,3.0,6.0,23.0,1.0,0.0,10.0,5.0,45.45454545454545,26.923076923076923,83.33333333333334,45.0,0,1,East
tcu_horned_frogs,13.214285714285714,2.5,6.75,16.892857142857142,0.4642857142857143,0.07142857142857142,18.428571428571427,5.035714285714286,41.84053824724011,28.413287709254057,68.29236385903248,34.892857142857146,6,28,East
temple_owls,12.857142857142858,3.892857142857143,7.607142857142857,17.821428571428573,0.9642857142857143,0.10714285714285714,18.25,8.964285714285714,42.948114235591746,24.30017966694502,71.43013188918361,38.67857142857143,13,28,East
tennessee_southern_firehawks,8.5,2.5,5.0,18.5,1.5,0.0,12.0,5.5,30.9853249475891,12.267080745341614,85.0,42.5,0,2,East
tennessee_state_lady_tigers,11.666666666666666,3.4,12.1,19.333333333333332,0.7333333333333333,0.23333333333333334,20.333333333333332,8.366666666666667,45.03467712620541,26.36905006293818,71.28109274475314,32.266666666666666,11,30,East
tennessee_wesleyan_bulldogs,6.0,2.5,5.5,16.0,2.0,0.0,11.0,0.0,36.111111111111114,18.506493506493506,62.50000000000001,22.5,0,2,East
texas_am_aggies,13.89655172413793,4.068965517241379,5.862068965517241,15.068965517241379,0.3103448275862069,0.06896551724137931,18.17241379310345,14.862068965517242,42.988929141502474,36.617544295483555,72.97408143916181,39.206896551724135,14,29,East
texas_am_kingsville_javelinas,10.0,4.0,0.0,12.0,0.0,0.0,22.0,0.0,40.74074074074074,31.03448275862069,69.23076923076923,33.0,0,1,East
texas_am_texarkana_eagles,13.0,4.0,8.0,25.0,1.0,2.0,21.0,3.0,42.857142857142854,23.076923076923077,84.61538461538461,34.0,0,1,East
texas_college_steers,4.0,0.0,8.0,12.0,2.0,2.0,14.0,3.0,15.384615384615385,24.137931034482758,61.53846153846154,16.0,0,1,East
texas_lutheran_bulldogs,13.0,2.0,7.0,15.0,1.0,0.0,28.0,6.0,45.16129032258064,23.809523809523807,41.17647058823529,25.0,0,1,East
texas_southern_tigers,11.72,4.36,9.4,21.8,0.76,0.24,18.08,8.36,44.06586211127215,29.99740007727624,67.3609175722639,36.8,10,25,East
texas_tech_lady_raiders,12.807692307692308,3.269230769230769,6.269230769230769,16.192307692307693,0.9230769230769231,0.07692307692307693,17.384615384615383,9.461538461538462,46.49322225625966,36.50140175309859,72.14561908514338,36.57692307692308,11,26,East
texas_wesleyan_rams,6.0,0.0,10.0,23.0,2.0,0.0,18.0,4.0,25.64102564102564,18.181818181818183,64.70588235294117,39.0,0,1,East
thomas_ga_night_hawks,4.0,3.0,3.0,43.0,0.0,0.0,26.0,0.0,29.03225806451613,18.181818181818183,53.84615384615385,31.0,0,1,East
tougaloo_bulldogs,11.0,0.0,6.0,18.0,1.0,0.0,20.0,0.0,30.555555555555557,23.809523809523807,70.0,35.0,0,1,East
towson_tigers,13.733333333333333,4.666666666666667,8.166666666666666,14.266666666666667,0.36666666666666664,0.6333333333333333,15.733333333333333,19.566666666666666,43.96998163601579,32.524027103892266,70.3918743203057,44.9,23,30,East
transylvania_pioneers,8.0,1.0,6.0,22.0,0.0,0.0,16.0,0.0,40.0,21.875,71.42857142857143,36.0,0,1,East
trinity_baptist_eagles,4.0,1.0,5.0,37.0,3.0,0.0,19.0,0.0,17.24137931034483,20.0,54.54545454545454,24.0,0,1,East
uab_blazers,12.821428571428571,3.7142857142857144,5.214285714285714,16.321428571428573,0.8214285714285714,0.07142857142857142,17.142857142857142,11.142857142857142,47.913824378052865,30.35724545406078,76.94282692975291,40.357142857142854,14,28,East
ualbany_great_danes,12.870967741935484,3.6451612903225805,8.161290322580646,16.64516129032258,1.4516129032258065,0.0,13.387096774193548,14.709677419354838,44.53092351090908,33.94265090247813,64.81678025614443,35.67741935483871,22,31,East
uc_merced_bobcats,9.0,0.3333333333333333,5.333333333333333,22.0,2.0,0.0,15.0,0.6666666666666666,32.04198178731286,24.67434526258056,47.142857142857146,30.666666666666668,0,3,East
uc_san_diego_tritons,14.037037037037036,3.925925925925926,5.7407407407407405,14.851851851851851,0.4444444444444444,0.0,16.333333333333332,12.296296296296296,41.4861906488844,31.26911837879514,73.69259547037325,39.074074074074076,13,27,East
uconn_huskies,18.833333333333332,4.733333333333333,9.3,14.133333333333333,0.5666666666666667,0.03333333333333333,13.566666666666666,26.733333333333334,57.110095455966444,33.7706785603665,70.34959141878647,38.666666666666664,25,30,East
uic_flames,9.961538461538462,2.923076923076923,8.538461538461538,17.96153846153846,0.9615384615384616,0.11538461538461539,18.153846153846153,3.1538461538461537,40.507103427470604,26.63630256956049,64.647239805449,28.692307692307693,2,26,East
ul_monroe_warhawks,10.26923076923077,2.8846153846153846,8.615384615384615,17.923076923076923,0.9615384615384616,0.19230769230769232,19.115384615384617,5.769230769230769,39.39058776663512,24.877993424373514,67.96172362363717,36.30769230769231,4,26,East
umass_lowell_river_hawks,10.384615384615385,2.769230769230769,7.3076923076923075,18.115384615384617,1.0,0.4230769230769231,17.076923076923077,7.538461538461538,40.7453720055477,33.23473694698857,67.05611427653425,33.15384615384615,11,26,East
umbc_retrievers,9.615384615384615,0.9230769230769231,7.730769230769231,16.692307692307693,1.1538461538461537,0.0,14.884615384615385,5.269230769230769,39.05136485136013,30.89571792355193,71.84606107400225,32.11538461538461,3,26,East
unc_asheville_bulldogs,10.71875,1.09375,7.4375,15.25,0.53125,0.15625,17.21875,8.84375,44.501100050405995,26.9045959860434,67.67069330182426,35.34375,10,32,East
unc_greensboro_spartans,9.576923076923077,3.230769230769231,6.769230769230769,17.0,0.8076923076923077,0.0,14.961538461538462,10.26923076923077,42.748105278344795,25.42087745746355,59.37287557733967,37.76923076923077,9,26,East
unc_wilmington_seahawks,10.11111111111111,2.074074074074074,7.037037037037037,17.444444444444443,1.2222222222222223,0.037037037037037035,17.296296296296298,3.074074074074074,39.173892928330424,30.641661161527004,70.87798004464672,31.444444444444443,3,27,East
union_ky_bulldogs,12.0,3.0,3.0,37.0,0.0,0.0,28.0,0.0,40.54054054054054,17.391304347826086,84.61538461538461,38.0,0,1,East
union_ny_garnet_chargers,7.0,3.0,2.0,19.0,1.0,0.0,13.0,1.0,22.5,21.428571428571427,90.9090909090909,29.0,0,1,East
university_of_health_sciences_pharmacy_eutectics,9.0,0.0,5.0,20.0,2.0,0.0,16.0,0.0,42.30769230769231,21.052631578947366,61.111111111111114,31.0,0,1,East
university_of_science_and_arts_drovers,9.333333333333334,3.6666666666666665,10.333333333333334,22.333333333333332,0.6666666666666666,0.0,21.333333333333332,2.3333333333333335,33.880090497737555,22.59259259259259,55.101010101010104,36.333333333333336,0,3,East
university_of_the_ozarks_eagles,11.0,2.0,4.0,31.0,0.0,0.0,14.0,0.0,44.73684210526316,11.11111111111111,81.81818181818183,35.0,0,1,East
university_of_the_southwest_mustangs,5.0,0.0,3.0,18.0,0.0,0.0,16.0,0.0,28.947368421052634,22.22222222222222,60.0,21.0,0,1,East
unt_dallas_trailblazers,7.0,2.0,1.0,19.0,0.0,0.0,13.0,1.0,32.35294117647059,28.57142857142857,58.333333333333336,31.0,0,1,East
upper_iowa_peacocks,12.0,0.0,4.0,14.0,0.0,0.0,23.0,0.0,28.947368421052634,30.434782608695656,76.92307692307693,38.0,0,1,East
ursinus_bears,9.0,1.0,5.0,27.0,3.0,0.0,4.0,0.0,15.0,24.0,62.5,23.0,0,1,East
usc_trojans,14.076923076923077,6.5,7.1923076923076925,15.961538461538462,0.8076923076923077,0.15384615384615385,16.653846153846153,11.923076923076923,42.118577601792666,32.48027644803663,76.15553696485323,39.0,11,26,East
ut_martin_skyhawks,10.566666666666666,1.7,9.133333333333333,14.866666666666667,1.2,0.0,15.6,8.266666666666667,43.30839427651103,33.04047437434165,76.67892450939742,28.033333333333335,12,30,East
ut_rio_grande_valley_vaqueros,13.666666666666666,2.727272727272727,8.030303030303031,18.21212121212121,0.6060606060606061,0.06060606060606061,18.151515151515152,7.757575757575758,45.2723213407961,29.709685472853206,70.3628130126257,36.24242424242424,14,33,East
utah_state_aggies,14.2,3.1666666666666665,7.0,16.7,0.36666666666666664,0.13333333333333333,15.266666666666667,5.433333333333334,43.904382005072776,29.04467096047389,72.00186034744858,39.1,11,30,East
utah_tech_trailblazers,14.206896551724139,2.7586206896551726,5.586206896551724,16.448275862068964,0.8620689655172413,0.034482758620689655,15.482758620689655,9.03448275862069,49.787613974451105,32.84113465210672,70.07554045186158,37.172413793103445,10,29,East
utep_miners,11.928571428571429,1.8928571428571428,7.607142857142857,16.821428571428573,0.32142857142857145,0.07142857142857142,18.071428571428573,10.285714285714286,44.44764774017052,29.389267776181754,70.77686032669278,35.964285714285715,14,28,East
utsa_roadrunners,9.724137931034482,3.0689655172413794,8.0,20.137931034482758,1.103448275862069,0.20689655172413793,21.344827586206897,4.655172413793103,36.773103491071446,22.887291902985293,65.21998035674653,41.793103448275865,6,29,East
valley_forge_patriots,1.0,3.0,4.0,26.0,3.0,0.0,15.0,0.0,13.88888888888889,7.142857142857142,50.0,20.0,0,1,East
valparaiso_beacons,11.866666666666667,2.8,7.7,15.9,1.7,0.03333333333333333,16.8,6.166666666666667,49.072944036029995,32.735173942332864,74.9271994274391,28.366666666666667,11,30,East
vanderbilt_commodores,13.03125,1.875,10.71875,17.03125,0.8125,0.09375,16.375,12.59375,43.1064717323514,31.29453506709246,66.82482503414198,35.59375,14,32,East
vcu_rams,9.695652173913043,3.391304347826087,7.695652173913044,12.434782608695652,0.6086956521739131,0.0,14.826086956521738,10.434782608695652,40.999028521618314,33.41207471130745,67.51372111845463,36.0,13,23,East
vermont_catamounts,14.166666666666666,4.266666666666667,7.233333333333333,14.1,0.8333333333333334,0.0,13.933333333333334,15.3,46.2610655438692,32.17965306107721,73.88320911280933,33.7,19,30,East
villanova_wildcats,15.333333333333334,3.6333333333333333,7.566666666666666,12.833333333333334,0.6666666666666666,0.0,14.6,13.766666666666667,46.96810363222912,30.44307704295309,76.5482755262167,35.2,22,30,East
virginia_cavaliers,11.444444444444445,4.0,7.222222222222222,18.666666666666668,0.7407407407407407,0.2222222222222222,19.37037037037037,5.703703703703703,40.7994619082249,27.49918576053767,63.68287070686451,35.074074074074076,5,27,East
wagner_seahawks,13.206896551724139,3.3448275862068964,9.03448275862069,16.344827586206897,0.4827586206896552,0.20689655172413793,18.310344827586206,11.758620689655173,43.09374706644563,30.151215121189498,69.73548927836876,34.41379310344828,17,29,East
wake_forest_demon_deacons,10.733333333333333,2.933333333333333,6.633333333333334,15.133333333333333,0.5333333333333333,0.03333333333333333,16.5,12.8,42.45551103864717,32.320074342391166,68.17401615509914,38.233333333333334,14,30,East
warner_pacific_knights,12.666666666666666,1.0,8.333333333333334,25.0,1.0,0.0,13.0,1.3333333333333333,45.232843137254896,20.16747181964573,72.38095238095238,32.666666666666664,0,3,East
warner_university_royals,7.333333333333333,2.0,3.3333333333333335,26.0,1.6666666666666667,0.0,12.0,2.6666666666666665,31.27736085053158,29.131652661064425,69.28904428904428,32.333333333333336,0,3,East
warren_wilson_owls,7.0,1.0,6.0,24.0,0.0,0.0,19.0,0.0,21.951219512195124,21.052631578947366,54.54545454545454,24.0,0,1,East
washington_adventist_shock,10.0,4.0,2.0,40.0,0.0,0.0,17.0,0.0,28.57142857142857,33.33333333333333,47.05882352941176,47.0,0,1,East
washington_huskies,13.055555555555555,4.111111111111111,6.555555555555555,18.22222222222222,1.5555555555555556,0.0,13.333333333333334,9.333333333333334,45.086333971433106,35.72486784709717,69.02973865564165,36.22222222222222,7,18,East
webber_international_warriors,5.0,3.5,9.0,23.0,0.0,0.0,18.5,2.5,36.132561132561136,15.641711229946523,67.04545454545455,30.0,0,2,East
weber_state_wildcats,11.258064516129032,2.903225806451613,8.03225806451613,17.35483870967742,0.5483870967741935,0.1935483870967742,18.774193548387096,9.129032258064516,43.64843895516471,28.986508717054658,75.96287389569596,37.03225806451613,11,31,East
wesleyan_college_ga_wolves,7.0,2.0,3.0,44.0,3.0,0.0,9.0,0.0,34.78260869565217,31.25,61.53846153846154,20.0,0,1,East
west_chester_golden_rams,9.0,3.0,8.0,20.0,0.0,0.0,16.0,0.0,21.428571428571427,23.52941176470588,25.0,34.0,0,1,East
west_virginia_mountaineers,14.857142857142858,4.857142857142857,9.285714285714286,17.035714285714285,0.5357142857142857,0.17857142857142858,20.107142857142858,13.25,43.47187602666979,32.46113168921108,70.54918262905062,37.67857142857143,14,28,East
westcliff_warriors,7.666666666666667,2.6666666666666665,6.0,15.0,0.6666666666666666,0.0,10.333333333333334,0.6666666666666666,29.95871243978898,23.703703703703706,64.7019647019647,34.333333333333336,0,3,East
western_carolina_catamounts,10.25,2.607142857142857,7.357142857142857,19.107142857142858,1.2857142857142858,0.03571428571428571,17.428571428571427,7.642857142857143,41.473229979853045,25.580573285759765,65.19995616330202,35.57142857142857,6,28,East
western_illinois_leathernecks,13.517241379310345,3.5172413793103448,8.137931034482758,14.413793103448276,0.4482758620689655,0.10344827586206896,13.655172413793103,13.275862068965518,48.662100458200186,32.084055120334696,63.69413414225933,35.241379310344826,14,29,East
western_new_mexico_mustangs,6.0,2.0,3.0,26.0,3.0,0.0,18.0,0.0,30.76923076923077,31.57894736842105,54.54545454545454,25.0,0,1,East
western_oregon_wolves,9.0,4.0,12.0,18.0,1.0,0.0,11.0,0.0,21.428571428571427,25.806451612903224,40.0,34.0,0,1,East
westminster_ut_griffins,18.0,1.0,2.0,15.0,1.0,0.0,20.0,2.0,59.09090909090909,26.08695652173913,61.53846153846154,41.0,0,1,East
wichita_state_shockers,12.733333333333333,3.8333333333333335,8.666666666666666,17.566666666666666,0.4666666666666667,0.13333333333333333,16.533333333333335,12.266666666666667,41.187943564921774,29.2750443427688,75.76858685976332,42.06666666666667,14,30,East
wiley_wildcats,10.5,3.0,9.5,34.0,0.5,0.0,21.5,4.0,37.3469387755102,32.371794871794876,71.875,38.0,0,2,East
william_carey_crusaders,5.0,0.0,6.5,22.5,0.5,0.0,15.5,1.0,19.070512820512818,24.561403508771928,76.69683257918552,31.0,0,2,East
william_jewell_cardinals,3.0,3.0,7.0,23.0,2.0,0.0,17.0,0.0,16.666666666666664,19.047619047619047,50.0,28.0,0,1,East
william_mary_tribe,13.851851851851851,1.7777777777777777,7.518518518518518,19.48148148148148,1.037037037037037,0.0,15.666666666666666,9.148148148148149,43.340531212686784,31.882983293039228,74.48000381838796,31.88888888888889,8,27,East
william_peace,6.0,0.0,8.0,32.0,1.0,0.0,21.0,1.0,38.70967741935484,22.22222222222222,60.86956521739131,35.0,0,1,East
winston_salem_rams,9.0,2.0,7.0,26.0,2.0,0.0,23.0,5.0,31.428571428571427,33.33333333333333,54.54545454545454,41.0,0,1,East
winthrop_eagles,10.566666666666666,1.4666666666666666,7.0,21.833333333333332,0.7,0.0,16.1,5.733333333333333,42.03686620342338,27.26670753567038,56.88141075757175,35.733333333333334,6,30,East
wisconsin_badgers,13.137931034482758,2.586206896551724,6.689655172413793,15.206896551724139,0.6896551724137931,0.0,15.413793103448276,5.689655172413793,44.239749248842095,31.330676965680205,70.8349015194857,29.724137931034484,8,29,East
wright_state_raiders,10.0,3.6956521739130435,7.913043478260869,14.130434782608695,0.21739130434782608,0.6521739130434783,15.521739130434783,5.5,40.534920876145875,28.007236089778356,68.47772497540299,35.73913043478261,4,23,East
xavier_la_gold_rush,8.0,1.5,8.0,25.5,0.5,0.5,22.5,4.0,27.631578947368418,24.444444444444443,73.23232323232324,35.0,0,2,East
xavier_musketeers,12.866666666666667,2.966666666666667,7.5,16.366666666666667,0.5333333333333333,0.06666666666666667,16.6,6.266666666666667,41.988644173290716,26.11867761867762,73.4109183546452,36.3,9,30,East
yale_bulldogs,13.666666666666666,3.7037037037037037,7.037037037037037,18.555555555555557,1.2962962962962963,0.0,16.59259259259259,10.518518518518519,42.417901795843086,30.74959535689783,65.77215540796702,38.851851851851855,16,27,East
young_harris_college_mountain_lions,11.0,1.0,3.0,18.0,0.0,0.0,17.0,0.0,45.0,35.714285714285715,58.333333333333336,31.0,0,1,East
